,filename,label
739,296.jpg,2
364,144.jpg,1
936,067.jpg,0
1053,0320.jpg,0
979,0311.jpg,0
673,226.jpg,2
309,1383.jpg,1
395,179.jpg,1
114,1101.jpg,1
454,2188.jpg,2
869,0405.jpg,0
274,1326.jpg,1
644,2320.jpg,2
729,2181.jpg,2
474,2174.jpg,2
686,2247.jpg,2
818,2219.jpg,2
990,0310.jpg,0
1108,042.jpg,0
1206,045.jpg,0
802,2191.jpg,2
499,2171.jpg,2
415,1218.jpg,1
679,2131.jpg,2
129,129.jpg,1
130,115.jpg,1
512,2359.jpg,2
477,261.jpg,2
56,1170.jpg,1
668,2319.jpg,2
291,1396.jpg,1
713,2209.jpg,2
391,1150.jpg,1
486,2372.jpg,2
1240,0147.jpg,0
153,1305.jpg,1
436,2162.jpg,2
420,1351.jpg,1
1191,0409.jpg,0
1080,0127.jpg,0
1193,0233.jpg,0
236,1126.jpg,1
642,2297.jpg,2
1229,0219.jpg,0
825,2386.jpg,2
1086,030.jpg,0
986,0270.jpg,0
320,17.jpg,1
189,1108.jpg,1
710,2369.jpg,2
360,178.jpg,1
964,0248.jpg,0
116,1303.jpg,1
121,1262.jpg,1
1094,0253.jpg,0
107,173.jpg,1
654,2126.jpg,2
216,1282.jpg,1
678,2125.jpg,2
800,2193.jpg,2
712,2355.jpg,2
596,2273.jpg,2
79,170.jpg,1
758,283.jpg,2
573,2265.jpg,2
647,2122.jpg,2
1117,0382.jpg,0
645,2334.jpg,2
437,2176.jpg,2
682,2333.jpg,2
1230,0225.jpg,0
643,2283.jpg,2
167,139.jpg,1
720,2340.jpg,2
73,1373.jpg,1
981,0339.jpg,0
903,0398.jpg,0
481,265.jpg,2
852,0407.jpg,0
1030,0323.jpg,0
705,295.jpg,2
1207,03.jpg,0
358,16.jpg,1
1068,0293.jpg,0
1075,0292.jpg,0
470,2362.jpg,2
199,1257.jpg,1
888,065.jpg,0
994,039.jpg,0
1243,0190.jpg,0
283,156.jpg,1
723,2383.jpg,2
1083,032.jpg,0
287,195.jpg,1
429,152.jpg,1
303,1432.jpg,1
240,1287.jpg,1
311,1142.jpg,1
304,1354.jpg,1
191,1134.jpg,1
755,2394.jpg,2
575,2259.jpg,2
380,1408.jpg,1
1221,0387.jpg,0
1158,0236.jpg,0
306,1426.jpg,1
353,1182.jpg,1
652,227.jpg,2
419,1379.jpg,1
48,1160.jpg,1
401,153.jpg,1
416,1219.jpg,1
468,2216.jpg,2
262,1119.jpg,1
1141,043.jpg,0
405,184.jpg,1
875,0404.jpg,0
753,2357.jpg,2
963,0300.jpg,0
275,1118.jpg,1
289,1157.jpg,1
804,253.jpg,2
676,224.jpg,2
178,1273.jpg,1
649,223.jpg,2
1202,0178.jpg,0
866,0388.jpg,0
264,1333.jpg,1
1212,0185.jpg,0
552,2328.jpg,2
555,2248.jpg,2
1195,0226.jpg,0
347,1394.jpg,1
1139,05.jpg,0
509,2173.jpg,2
778,2390.jpg,2
124,1316.jpg,1
1040,0309.jpg,0
1152,0140.jpg,0
70,1367.jpg,1
543,2302.jpg,2
63,1400.jpg,1
847,0201.jpg,0
301,1234.jpg,1
745,2381.jpg,2
1060,033.jpg,0
539,2262.jpg,2
1078,0325.jpg,0
972,0329.jpg,0
1128,0354.jpg,0
161,1338.jpg,1
254,1133.jpg,1
1091,0333.jpg,0
490,2212.jpg,2
242,1244.jpg,1
554,2300.jpg,2
314,1195.jpg,1
210,122.jpg,1
532,2101.jpg,2
696,231.jpg,2
750,2237.jpg,2
449,2361.jpg,2
838,0176.jpg,0
1196,0408.jpg,0
763,2196.jpg,2
1011,0105.jpg,0
326,1168.jpg,1
452,289.jpg,2
213,1309.jpg,1
357,154.jpg,1
609,2134.jpg,2
228,1308.jpg,1
843,0374.jpg,0
1220,090.jpg,0
507,2167.jpg,2
18,1375.jpg,1
16,1229.jpg,1
418,1231.jpg,1
877,0376.jpg,0
1173,040.jpg,0
1142,055.jpg,0
741,282.jpg,2
832,2190.jpg,2
790,286.jpg,2
1138,0181.jpg,0
91,1417.jpg,1
424,1386.jpg,1
1051,0297.jpg,0
19,1361.jpg,1
65,1206.jpg,1
965,0260.jpg,0
788,2385.jpg,2
538,2263.jpg,2
1165,0141.jpg,0
545,2100.jpg,2
562,2315.jpg,2
708,2382.jpg,2
958,017.jpg,0
846,0200.jpg,0
337,1222.jpg,1
40,1217.jpg,1
830,252.jpg,2
1101,0326.jpg,0
458,260.jpg,2
71,1401.jpg,1
889,0170.jpg,0
1105,031.jpg,0
611,2336.jpg,2
96,1238.jpg,1
1149,0168.jpg,0
980,0305.jpg,0
893,0372.jpg,0
540,2276.jpg,2
1130,0368.jpg,0
737,2197.jpg,2
250,1319.jpg,1
694,2130.jpg,2
871,0203.jpg,0
1179,02.jpg,0
356,140.jpg,1
255,126.jpg,1
1100,0332.jpg,0
764,240.jpg,2
340,1223.jpg,1
1131,0397.jpg,0
886,059.jpg,0
80,158.jpg,1
961,0328.jpg,0
464,2377.jpg,2
955,0128.jpg,0
851,0361.jpg,0
740,2168.jpg,2
430,146.jpg,1
118,1288.jpg,1
338,1236.jpg,1
92,1359.jpg,1
952,0302.jpg,0
441,2374.jpg,2
1087,0125.jpg,0
857,0188.jpg,0
839,088.jpg,0
194,1295.jpg,1
368,187.jpg,1
949,0276.jpg,0
916,0173.jpg,0
461,2175.jpg,2
826,291.jpg,2
422,1345.jpg,1
89,1365.jpg,1
97,1204.jpg,1
177,1267.jpg,1
920,0359.jpg,0
526,2199.jpg,2
188,135.jpg,1
536,2288.jpg,2
345,1419.jpg,1
455,276.jpg,2
321,141.jpg,1
730,25.jpg,2
423,1392.jpg,1
145,1329.jpg,1
93,1211.jpg,1
137,1248.jpg,1
1064,0330.jpg,0
1045,0269.jpg,0
997,0110.jpg,0
133,1102.jpg,1
803,247.jpg,2
1077,0319.jpg,0
1067,0287.jpg,0
1004,0267.jpg,0
459,248.jpg,2
331,1381.jpg,1
993,013.jpg,0
590,2306.jpg,2
489,2206.jpg,2
541,2289.jpg,2
935,0199.jpg,0
1184,093.jpg,0
1156,0342.jpg,0
797,251.jpg,2
1050,0268.jpg,0
381,1346.jpg,1
204,1135.jpg,1
707,2157.jpg,2
1092,0290.jpg,0
62,1366.jpg,1
791,2178.jpg,2
1175,06.jpg,0
74,1398.jpg,1
448,2375.jpg,2
1003,0266.jpg,0
215,1321.jpg,1
1072,0279.jpg,0
1187,0390.jpg,0
1054,0334.jpg,0
836,077.jpg,0
1033,0109.jpg,0
440,2360.jpg,2
363,150.jpg,1
909,058.jpg,0
971,0315.jpg,0
365,1151.jpg,1
589,2138.jpg,2
542,2316.jpg,2
101,1416.jpg,1
774,2145.jpg,2
158,1258.jpg,1
1016,0108.jpg,0
600,2139.jpg,2
567,212.jpg,2
942,0115.jpg,0
506,272.jpg,2
687,2246.jpg,2
747,2342.jpg,2
1000,0312.jpg,0
944,0317.jpg,0
35,1377.jpg,1
1129,0340.jpg,0
1122,0209.jpg,0
263,1327.jpg,1
1157,0222.jpg,0
602,2105.jpg,2
821,2379.jpg,2
1169,0169.jpg,0
187,121.jpg,1
516,2238.jpg,2
970,0301.jpg,0
773,2151.jpg,2
946,0277.jpg,0
488,2400.jpg,2
1197,0346.jpg,0
1009,0139.jpg,0
752,2343.jpg,2
375,1409.jpg,1
510,2365.jpg,2
1217,0146.jpg,0
874,0202.jpg,0
766,26.jpg,2
622,2135.jpg,2
251,1325.jpg,1
937,09.jpg,0
20,1407.jpg,1
425,191.jpg,1
69,1429.jpg,1
698,219.jpg,2
141,1261.jpg,1
136,1300.jpg,1
701,256.jpg,2
529,214.jpg,2
975,016.jpg,0
26,176.jpg,1
502,258.jpg,2
627,236.jpg,2
861,060.jpg,0
751,2223.jpg,2
162,1304.jpg,1
37,1405.jpg,1
544,2114.jpg,2
179,1298.jpg,1
827,285.jpg,2
546,2128.jpg,2
945,0288.jpg,0
631,2309.jpg,2
1036,036.jpg,0
625,234.jpg,2
928,0370.jpg,0
220,1255.jpg,1
703,2194.jpg,2
386,1391.jpg,1
987,0264.jpg,0
351,197.jpg,1
438,288.jpg,2
782,2227.jpg,2
959,0116.jpg,0
795,245.jpg,2
113,1129.jpg,1
346,1380.jpg,1
270,1252.jpg,1
494,2401.jpg,2
294,1427.jpg,1
382,1420.jpg,1
1061,027.jpg,0
925,0204.jpg,0
435,277.jpg,2
219,1241.jpg,1
9,1412.jpg,1
86,199.jpg,1
1167,083.jpg,0
4,1176.jpg,1
907,064.jpg,0
148,116.jpg,1
266,1284.jpg,1
887,071.jpg,0
1136,080.jpg,0
1029,0337.jpg,0
689,2285.jpg,2
1204,0144.jpg,0
84,172.jpg,1
941,0101.jpg,0
1088,0131.jpg,0
939,028.jpg,0
685,2253.jpg,2
569,2107.jpg,2
876,0362.jpg,0
1025,0243.jpg,0
431,1190.jpg,1
906,0171.jpg,0
808,284.jpg,2
208,120.jpg,1
1182,0151.jpg,0
276,1130.jpg,1
706,2143.jpg,2
1216,01.jpg,0
487,2366.jpg,2
683,2290.jpg,2
527,267.jpg,2
697,225.jpg,2
67,1213.jpg,1
1116,0157.jpg,0
248,1292.jpg,1
1111,0180.jpg,0
1020,0336.jpg,0
550,2116.jpg,2
926,0210.jpg,0
388,1178.jpg,1
94,1205.jpg,1
757,2155.jpg,2
462,2161.jpg,2
1057,0136.jpg,0
426,185.jpg,1
233,133.jpg,1
1127,0208.jpg,0
442,2228.jpg,2
810,2387.jpg,2
427,1153.jpg,1
433,263.jpg,2
131,117.jpg,1
837,0162.jpg,0
570,2311.jpg,2
202,1337.jpg,1
217,1296.jpg,1
245,1279.jpg,1
960,0102.jpg,0
300,1220.jpg,1
1021,0295.jpg,0
695,2124.jpg,2
725,2142.jpg,2
1166,0155.jpg,0
616,2243.jpg,2
922,0205.jpg,0
126,1114.jpg,1
57,1164.jpg,1
943,0303.jpg,0
444,2200.jpg,2
769,2186.jpg,2
230,1136.jpg,1
172,1306.jpg,1
247,1245.jpg,1
665,2245.jpg,2
249,1286.jpg,1
402,11.jpg,1
305,1340.jpg,1
597,2298.jpg,2
1076,0286.jpg,0
271,1285.jpg,1
159,1270.jpg,1
1124,0221.jpg,0
38,1363.jpg,1
110,19.jpg,1
241,1293.jpg,1
184,1105.jpg,1
239,1318.jpg,1
604,238.jpg,2
1242,046.jpg,0
605,221.jpg,2
1074,0245.jpg,0
1237,091.jpg,0
1008,0307.jpg,0
296,1355.jpg,1
530,228.jpg,2
514,2205.jpg,2
268,1247.jpg,1
629,2137.jpg,2
628,222.jpg,2
840,0348.jpg,0
770,22.jpg,2
400,147.jpg,1
1032,0121.jpg,0
1049,0240.jpg,0
742,2154.jpg,2
956,029.jpg,0
265,1290.jpg,1
28,174.jpg,1
493,2367.jpg,2
931,0172.jpg,0
151,1107.jpg,1
811,2393.jpg,2
913,072.jpg,0
660,2244.jpg,2
884,061.jpg,0
361,1186.jpg,1
1012,010.jpg,0
885,075.jpg,0
147,1117.jpg,1
451,2177.jpg,2
66,1212.jpg,1
1059,037.jpg,0
537,2277.jpg,2
278,131.jpg,1
64,1428.jpg,1
1038,0137.jpg,0
792,292.jpg,2
1007,0313.jpg,0
198,1243.jpg,1
718,2208.jpg,2
807,2152.jpg,2
560,2249.jpg,2
632,2335.jpg,2
1069,0244.jpg,0
646,2308.jpg,2
175,1272.jpg,1
1052,0283.jpg,0
1065,0324.jpg,0
491,2213.jpg,2
376,1227.jpg,1
524,298.jpg,2
279,125.jpg,1
14,1201.jpg,1
195,1281.jpg,1
957,015.jpg,0
896,0206.jpg,0
290,1382.jpg,1
932,0166.jpg,0
404,1152.jpg,1
577,2270.jpg,2
53,175.jpg,1
229,1122.jpg,1
31,1149.jpg,1
378,1232.jpg,1
292,1369.jpg,1
51,149.jpg,1
603,210.jpg,2
954,0100.jpg,0
574,2271.jpg,2
277,1124.jpg,1
411,1350.jpg,1
109,167.jpg,1
348,1141.jpg,1
1219,084.jpg,0
868,0411.jpg,0
865,0161.jpg,0
1022,0281.jpg,0
1241,052.jpg,0
119,1277.jpg,1
46,1410.jpg,1
796,23.jpg,2
446,2215.jpg,2
853,0349.jpg,0
1174,054.jpg,0
1170,0182.jpg,0
659,2293.jpg,2
883,049.jpg,0
7,1360.jpg,1
929,0402.jpg,0
214,1335.jpg,1
525,273.jpg,2
815,2230.jpg,2
731,257.jpg,2
1095,0247.jpg,0
164,1106.jpg,1
793,2144.jpg,2
503,28.jpg,2
154,1339.jpg,1
258,124.jpg,1
576,2258.jpg,2
1071,0278.jpg,0
1010,0111.jpg,0
902,0373.jpg,0
120,1263.jpg,1
715,2221.jpg,2
280,119.jpg,1
1048,0254.jpg,0
794,2150.jpg,2
342,1343.jpg,1
317,157.jpg,1
966,0274.jpg,0
1233,0351.jpg,0
881,0174.jpg,0
519,2358.jpg,2
1161,0343.jpg,0
844,0228.jpg,0
551,2102.jpg,2
298,1235.jpg,1
850,0375.jpg,0
1211,0193.jpg,0
1151,0154.jpg,0
989,0304.jpg,0
5,188.jpg,1
1168,097.jpg,0
1113,081.jpg,0
772,244.jpg,2
640,2240.jpg,2
139,1274.jpg,1
822,2351.jpg,2
1024,0242.jpg,0
812,2344.jpg,2
704,281.jpg,2
176,1266.jpg,1
688,2252.jpg,2
601,2111.jpg,2
325,196.jpg,1
534,2303.jpg,2
895,0400.jpg,0
727,280.jpg,2
335,1424.jpg,1
132,1116.jpg,1
1140,057.jpg,0
87,1173.jpg,1
582,2106.jpg,2
1005,0273.jpg,0
227,1334.jpg,1
733,255.jpg,2
973,0103.jpg,0
581,2310.jpg,2
295,1433.jpg,1
1148,096.jpg,0
77,1171.jpg,1
185,110.jpg,1
528,29.jpg,2
663,2279.jpg,2
669,2325.jpg,2
83,166.jpg,1
1119,0369.jpg,0
1098,0285.jpg,0
1039,0123.jpg,0
638,2255.jpg,2
1201,086.jpg,0
1144,041.jpg,0
160,1264.jpg,1
845,0214.jpg,0
273,1332.jpg,1
1,1189.jpg,1
717,2234.jpg,2
393,13.jpg,1
111,114.jpg,1
105,1166.jpg,1
61,1372.jpg,1
1082,026.jpg,0
465,2363.jpg,2
171,1138.jpg,1
761,2182.jpg,2
716,2220.jpg,2
995,011.jpg,0
968,0261.jpg,0
655,2330.jpg,2
588,2110.jpg,2
805,21.jpg,2
623,2121.jpg,2
397,1193.jpg,1
533,2115.jpg,2
1153,0395.jpg,0
781,2347.jpg,2
608,2120.jpg,2
497,2159.jpg,2
842,0406.jpg,0
684,2284.jpg,2
479,259.jpg,2
1115,0143.jpg,0
1147,0183.jpg,0
197,1242.jpg,1
783,2233.jpg,2
1205,0150.jpg,0
200,1280.jpg,1
146,1103.jpg,1
728,2195.jpg,2
919,0371.jpg,0
186,138.jpg,1
29,160.jpg,1
595,2267.jpg,2
873,0216.jpg,0
39,1203.jpg,1
1093,0284.jpg,0
521,2364.jpg,2
982,0265.jpg,0
82,1198.jpg,1
817,2218.jpg,2
834,063.jpg,0
201,1294.jpg,1
508,299.jpg,2
738,2183.jpg,2
522,2172.jpg,2
333,1356.jpg,1
1235,0392.jpg,0
771,250.jpg,2
561,2301.jpg,2
983,0271.jpg,0
88,1403.jpg,1
998,0138.jpg,0
664,2251.jpg,2
1035,020.jpg,0
85,1167.jpg,1
579,2338.jpg,2
905,0165.jpg,0
1192,0227.jpg,0
816,2224.jpg,2
872,0217.jpg,0
379,1226.jpg,1
598,2313.jpg,2
350,183.jpg,1
170,1110.jpg,1
677,230.jpg,2
578,2264.jpg,2
680,2119.jpg,2
1134,0142.jpg,0
714,2235.jpg,2
612,2295.jpg,2
450,2349.jpg,2
675,218.jpg,2
662,2278.jpg,2
779,2384.jpg,2
831,246.jpg,2
904,0159.jpg,0
849,0229.jpg,0
453,2163.jpg,2
439,2348.jpg,2
410,1344.jpg,1
33,1161.jpg,1
767,2192.jpg,2
835,0189.jpg,0
985,0258.jpg,0
786,2346.jpg,2
1118,0396.jpg,0
366,1145.jpg,1
650,237.jpg,2
854,0177.jpg,0
152,1311.jpg,1
651,233.jpg,2
882,0148.jpg,0
833,2184.jpg,2
719,2354.jpg,2
36,1411.jpg,1
734,27.jpg,2
864,0175.jpg,0
174,1299.jpg,1
389,192.jpg,1
272,1291.jpg,1
81,18.jpg,1
1178,0186.jpg,0
867,0377.jpg,0
138,1260.jpg,1
480,271.jpg,2
30,148.jpg,1
434,2189.jpg,2
656,2324.jpg,2
1123,0235.jpg,0
372,1353.jpg,1
1218,0152.jpg,0
235,1132.jpg,1
484,2158.jpg,2
324,1183.jpg,1
674,232.jpg,2
8,1406.jpg,1
518,2210.jpg,2
924,0238.jpg,0
1160,0223.jpg,0
681,2327.jpg,2
471,2376.jpg,2
862,048.jpg,0
1013,038.jpg,0
1018,0134.jpg,0
125,1302.jpg,1
1125,0220.jpg,0
496,2398.jpg,2
3,1162.jpg,1
181,1307.jpg,1
45,1376.jpg,1
879,0389.jpg,0
1223,0344.jpg,0
1079,0331.jpg,0
1070,0250.jpg,0
515,2239.jpg,2
513,2211.jpg,2
1102,0118.jpg,0
122,1276.jpg,1
666,2292.jpg,2
367,193.jpg,1
691,2332.jpg,2
234,127.jpg,1
406,190.jpg,1
1043,0282.jpg,0
950,0289.jpg,0
246,1251.jpg,1
127,1100.jpg,1
841,0360.jpg,0
535,2317.jpg,2
548,215.jpg,2
828,2153.jpg,2
1097,0252.jpg,0
823,2345.jpg,2
1109,04.jpg,0
408,1393.jpg,1
11,1228.jpg,1
498,2165.jpg,2
1096,0246.jpg,0
1239,0153.jpg,0
25,1188.jpg,1
610,2322.jpg,2
564,2103.jpg,2
322,169.jpg,1
476,249.jpg,2
237,1330.jpg,1
168,111.jpg,1
1044,0296.jpg,0
55,165.jpg,1
819,2225.jpg,2
566,216.jpg,2
748,2222.jpg,2
1159,0237.jpg,0
1132,0383.jpg,0
1081,0133.jpg,0
316,15.jpg,1
260,1125.jpg,1
912,066.jpg,0
671,2127.jpg,2
775,293.jpg,2
100,1370.jpg,1
180,1313.jpg,1
182,1139.jpg,1
894,0366.jpg,0
312,194.jpg,1
918,0365.jpg,0
572,2339.jpg,2
319,155.jpg,1
90,1371.jpg,1
323,1197.jpg,1
483,2164.jpg,2
1164,0394.jpg,0
225,1283.jpg,1
13,1200.jpg,1
760,2169.jpg,2
373,1347.jpg,1
98,1210.jpg,1
630,2123.jpg,2
648,2136.jpg,2
286,181.jpg,1
661,2250.jpg,2
1133,0156.jpg,0
878,0410.jpg,0
475,2148.jpg,2
1037,022.jpg,0
24,1163.jpg,1
814,2378.jpg,2
991,0106.jpg,0
41,1216.jpg,1
267,1253.jpg,1
196,1256.jpg,1
354,168.jpg,1
329,1140.jpg,1
1150,082.jpg,0
1107,019.jpg,0
587,2104.jpg,2
231,123.jpg,1
969,0249.jpg,0
1145,069.jpg,0
848,0215.jpg,0
385,1385.jpg,1
15,1215.jpg,1
992,0112.jpg,0
1186,0179.jpg,0
1203,092.jpg,0
583,2112.jpg,2
1208,051.jpg,0
1234,0345.jpg,0
473,2160.jpg,2
21,1349.jpg,1
948,0262.jpg,0
722,2397.jpg,2
653,2132.jpg,2
974,0117.jpg,0
505,266.jpg,2
1089,0119.jpg,0
620,2337.jpg,2
1226,0230.jpg,0
500,264.jpg,2
780,2353.jpg,2
732,243.jpg,2
205,1121.jpg,1
54,159.jpg,1
49,1174.jpg,1
282,14.jpg,1
257,118.jpg,1
466,2203.jpg,2
1188,0384.jpg,0
553,2314.jpg,2
352,1169.jpg,1
556,2260.jpg,2
908,070.jpg,0
398,1185.jpg,1
355,1196.jpg,1
243,1250.jpg,1
531,2129.jpg,2
789,2391.jpg,2
1041,0335.jpg,0
1236,0386.jpg,0
910,08.jpg,0
784,2232.jpg,2
617,2257.jpg,2
940,0129.jpg,0
396,1187.jpg,1
469,2202.jpg,2
1002,0272.jpg,0
898,0213.jpg,0
892,0399.jpg,0
75,1159.jpg,1
344,1431.jpg,1
157,1259.jpg,1
736,269.jpg,2
192,1322.jpg,1
456,262.jpg,2
799,2187.jpg,2
374,1421.jpg,1
962,0314.jpg,0
897,0212.jpg,0
1085,024.jpg,0
261,1131.jpg,1
1244,0184.jpg,0
1014,021.jpg,0
1210,0187.jpg,0
746,2356.jpg,2
639,2254.jpg,2
672,2133.jpg,2
1143,07.jpg,0
403,1146.jpg,1
413,1230.jpg,1
409,1422.jpg,1
580,2304.jpg,2
1103,0130.jpg,0
637,2241.jpg,2
460,2149.jpg,2
302,1208.jpg,1
911,0198.jpg,0
787,2352.jpg,2
207,134.jpg,1
1146,0197.jpg,0
984,0259.jpg,0
1214,047.jpg,0
606,235.jpg,2
1194,0232.jpg,0
209,136.jpg,1
1031,0135.jpg,0
613,2281.jpg,2
700,24.jpg,2
144,1315.jpg,1
1199,0385.jpg,0
777,2179.jpg,2
593,2272.jpg,2
1137,0195.jpg,0
1023,0256.jpg,0
900,0367.jpg,0
1112,0194.jpg,0
297,1209.jpg,1
899,0207.jpg,0
938,014.jpg,0
615,2242.jpg,2
1135,094.jpg,0
726,294.jpg,2
343,1357.jpg,1
310,1156.jpg,1
339,1237.jpg,1
933,098.jpg,0
568,2113.jpg,2
281,142.jpg,1
95,1239.jpg,1
806,2146.jpg,2
951,0316.jpg,0
414,1224.jpg,1
1058,023.jpg,0
759,297.jpg,2
392,145.jpg,1
880,0160.jpg,0
967,0275.jpg,0
156,1271.jpg,1
313,180.jpg,1
1171,068.jpg,0
641,2268.jpg,2
619,2294.jpg,2
953,0114.jpg,0
238,1324.jpg,1
699,242.jpg,2
206,1109.jpg,1
1215,053.jpg,0
315,1181.jpg,1
599,2307.jpg,2
165,1112.jpg,1
1213,0191.jpg,0
1099,0291.jpg,0
244,1278.jpg,1
891,0158.jpg,0
591,2312.jpg,2
517,2204.jpg,2
336,1342.jpg,1
142,1249.jpg,1
999,0306.jpg,0
467,2217.jpg,2
658,2287.jpg,2
1224,0350.jpg,0
334,1430.jpg,1
511,2371.jpg,2
670,2331.jpg,2
901,0401.jpg,0
890,0164.jpg,0
288,1143.jpg,1
32,1175.jpg,1
103,1364.jpg,1
102,1402.jpg,1
50,1148.jpg,1
106,198.jpg,1
614,2256.jpg,2
163,1310.jpg,1
501,270.jpg,2
12,1214.jpg,1
693,2118.jpg,2
754,2380.jpg,2
190,1120.jpg,1
801,2185.jpg,2
495,2373.jpg,2
1200,0391.jpg,0
173,1312.jpg,1
1181,044.jpg,0
222,1240.jpg,1
226,1320.jpg,1
1034,034.jpg,0
813,2350.jpg,2
636,2269.jpg,2
917,0403.jpg,0
1180,050.jpg,0
1066,0318.jpg,0
134,1328.jpg,1
42,1202.jpg,1
1189,0353.jpg,0
711,2341.jpg,2
432,1184.jpg,1
383,1434.jpg,1
930,0364.jpg,0
284,1180.jpg,1
855,089.jpg,0
776,287.jpg,2
370,1390.jpg,1
743,2140.jpg,2
860,074.jpg,0
149,112.jpg,1
72,1415.jpg,1
2,177.jpg,1
1163,0380.jpg,0
221,1254.jpg,1
232,137.jpg,1
166,113.jpg,1
702,2180.jpg,2
978,0107.jpg,0
934,073.jpg,0
1104,0124.jpg,0
318,143.jpg,1
1084,018.jpg,0
1062,0132.jpg,0
947,0263.jpg,0
269,1246.jpg,1
472,2389.jpg,2
1155,0356.jpg,0
43,1404.jpg,1
1055,0308.jpg,0
824,2392.jpg,2
1073,0251.jpg,0
150,1113.jpg,1
1015,035.jpg,0
1026,0257.jpg,0
384,1352.jpg,1
504,2198.jpg,2
1177,078.jpg,0
921,0211.jpg,0
1198,0352.jpg,0
523,2166.jpg,2
1001,0299.jpg,0
143,1301.jpg,1
412,1378.jpg,1
1225,0378.jpg,0
549,217.jpg,2
756,2141.jpg,2
557,2274.jpg,2
1006,0298.jpg,0
785,2226.jpg,2
169,1104.jpg,1
252,1331.jpg,1
621,2323.jpg,2
117,1317.jpg,1
332,1418.jpg,1
362,12.jpg,1
1017,0120.jpg,0
211,1137.jpg,1
923,0239.jpg,0
768,278.jpg,2
1232,0379.jpg,0
692,2326.jpg,2
1209,079.jpg,0
1126,0234.jpg,0
478,275.jpg,2
558,2275.jpg,2
633,2321.jpg,2
390,1144.jpg,1
1120,0341.jpg,0
285,1194.jpg,1
1121,0355.jpg,0
328,1154.jpg,1
140,1275.jpg,1
856,0163.jpg,0
735,241.jpg,2
68,1207.jpg,1
749,2236.jpg,2
23,189.jpg,1
421,1423.jpg,1
407,1387.jpg,1
1238,085.jpg,0
399,1191.jpg,1
859,062.jpg,0
10,1374.jpg,1
1176,0192.jpg,0
308,1397.jpg,1
27,162.jpg,1
1106,025.jpg,0
183,1111.jpg,1
387,186.jpg,1
259,130.jpg,1
485,2399.jpg,2
52,161.jpg,1
635,2296.jpg,2
618,2280.jpg,2
1227,0224.jpg,0
155,1265.jpg,1
1228,0218.jpg,0
586,211.jpg,2
394,151.jpg,1
349,1155.jpg,1
99,1358.jpg,1
634,2282.jpg,2
765,254.jpg,2
1162,0357.jpg,0
78,164.jpg,1
1183,0145.jpg,0
563,2329.jpg,2
559,2261.jpg,2
976,012.jpg,0
108,1199.jpg,1
585,239.jpg,2
104,1172.jpg,1
626,220.jpg,2
218,1269.jpg,1
996,0104.jpg,0
977,0113.jpg,0
307,1368.jpg,1
1027,0280.jpg,0
371,1384.jpg,1
1110,056.jpg,0
203,1323.jpg,1
1231,0231.jpg,0
0,163.jpg,1
709,2396.jpg,2
212,1123.jpg,1
44,1362.jpg,1
22,1177.jpg,1
1056,0122.jpg,0
135,1314.jpg,1
457,274.jpg,2
123,1289.jpg,1
377,1233.jpg,1
1046,0241.jpg,0
798,279.jpg,2
492,2207.jpg,2
1028,0294.jpg,0
224,1297.jpg,1
58,1158.jpg,1
863,0149.jpg,0
584,213.jpg,2
112,128.jpg,1
607,2108.jpg,2
1042,0321.jpg,0
988,0338.jpg,0
482,2170.jpg,2
1047,0255.jpg,0
417,1225.jpg,1
60,1414.jpg,1
253,1127.jpg,1
809,290.jpg,2
571,2305.jpg,2
1063,0126.jpg,0
76,1165.jpg,1
820,2231.jpg,2
858,076.jpg,0
293,1341.jpg,1
721,2368.jpg,2
17,1413.jpg,1
565,2117.jpg,2
34,1388.jpg,1
1090,0327.jpg,0
1154,0381.jpg,0
193,1336.jpg,1
359,1192.jpg,1
447,2229.jpg,2
445,2201.jpg,2
330,1395.jpg,1
667,2286.jpg,2
927,0358.jpg,0
59,1399.jpg,1
870,0363.jpg,0
428,1147.jpg,1
829,2147.jpg,2
128,1128.jpg,1
1190,0347.jpg,0
744,2395.jpg,2
914,0167.jpg,0
690,2291.jpg,2
1114,095.jpg,0
463,2388.jpg,2
327,182.jpg,1
915,099.jpg,0
223,1268.jpg,1
1172,0196.jpg,0
724,2156.jpg,2
1185,087.jpg,0
762,268.jpg,2
443,2214.jpg,2
1019,0322.jpg,0
341,1425.jpg,1
369,1179.jpg,1
299,1221.jpg,1
6,1348.jpg,1
594,2266.jpg,2
624,2109.jpg,2
592,2299.jpg,2
115,1115.jpg,1
256,132.jpg,1
1222,0393.jpg,0
547,229.jpg,2
657,2318.jpg,2
520,2370.jpg,2
47,1389.jpg,1
